country,TotalSales
USA,263566.98
Germany,244640.63000000006
Austria,139496.63
Brazil,114968.48000000003
France,85498.76
Venezuela,60814.89
UK,60616.51000000001
Sweden,59523.70000000001
Ireland,57317.39000000001
Canada,55334.100000000006
Belgium,35134.979999999996
Denmark,34782.25
Switzerland,32919.5
Mexico,24073.450000000004
Finland,19778.449999999997
Spain,19431.89
Italy,16705.15
Portugal,12468.65
Argentina,8119.099999999999
Norway,5735.150000000001
Poland,3531.95
